BENCH,NR_WAYS,ipc,llcrpki,llcmpki,llcrpkc,llcmpkc,llc_usage_kb,bandwidth_mbps,llcm_bandwidth,stalls_l2_miss,stalls_l3_miss,stalls_total,stalls_store_buf
ammp00,1,1.880533,3.93525,1.816815,7.400367,3.416581,2094.983278,319.268481,435.696825,0.11555,0.077854,0.304173,0.001157
ammp00,10,2.025892,3.973936,0.057931,8.050765,0.117362,19396.655518,16.681254,14.971252,0.054566,0.000221,0.256147,0.000719
ammp00,11,2.024842,3.978492,0.046604,8.055817,0.094367,19964.682274,18.613924,12.037588,0.054891,0.000183,0.256401,0.00069
ammp00,2,1.962367,4.014922,1.098861,7.878752,2.156369,4485.083612,388.318963,275.042479,0.079793,0.034457,0.276037,0.001101
ammp00,3,1.994781,4.043894,0.7051,8.066683,1.40652,7142.474916,117.521317,179.406981,0.065658,0.013655,0.265253,0.001019
ammp00,4,2.008295,3.995306,0.511825,8.023752,1.027895,8966.956522,92.591995,131.113929,0.059925,0.006539,0.261017,0.00095
ammp00,5,2.013754,4.054918,0.366447,8.165607,0.737934,11132.575251,71.025315,94.128293,0.058202,0.003192,0.259449,0.000881
ammp00,6,2.014281,4.145497,0.248955,8.350193,0.501465,13709.698997,39.896941,63.966115,0.058289,0.001605,0.259331,0.000817
ammp00,7,2.020416,4.020967,0.18323,8.124027,0.370201,15141.404682,45.670377,47.223235,0.056095,0.000942,0.257564,0.000791
ammp00,8,2.025067,3.953246,0.125814,8.005588,0.254781,16399.464883,32.365683,32.499852,0.054371,0.000604,0.256214,0.000767
ammp00,9,2.022867,4.010599,0.08915,8.112907,0.180338,18191.036789,10.315494,23.004692,0.055477,0.000342,0.256954,0.000733
applu00,1,2.624273,13.57326,12.983496,35.619937,34.072236,2519.598662,4516.037723,4340.448366,0.064503,0.061055,0.13385,0.007296
applu00,10,2.739925,13.583112,10.561472,37.21671,28.937641,24907.023411,3908.626496,3687.174419,0.033348,0.028287,0.100591,0.006695
applu00,11,2.745703,13.577622,10.376559,37.280118,28.49095,26900.602007,3730.005188,3630.153321,0.031756,0.026437,0.098836,0.006761
applu00,2,2.636748,13.573318,12.653973,35.789416,33.365335,5141.137124,4678.073651,4251.05294,0.061218,0.057717,0.129744,0.007459
applu00,3,2.640441,13.570818,12.332303,35.832947,32.56272,7932.307692,3807.305735,4148.382884,0.058409,0.054773,0.127965,0.007161
applu00,4,2.666222,13.579581,12.0278,36.206177,32.068784,10203.344482,4180.925207,4086.073531,0.053294,0.049336,0.121158,0.007421
applu00,5,2.682151,13.57878,11.732626,36.42034,31.468675,12723.745819,4164.708724,4009.706092,0.048797,0.044786,0.117002,0.007114
applu00,6,2.696537,13.572397,11.46605,36.598473,30.918628,15191.438127,4021.27777,3939.573687,0.04397,0.039611,0.111875,0.006642
applu00,7,2.715564,13.574666,11.200402,36.862877,30.415409,17703.812709,3652.956239,3875.555316,0.039702,0.035132,0.107477,0.007048
applu00,8,2.727839,13.57243,10.95752,37.023399,29.890345,20021.404682,3942.832442,3808.563546,0.036706,0.032199,0.104102,0.00659
applu00,9,2.73609,13.566311,10.756666,37.11865,29.431209,22549.832776,3998.408803,3750.037483,0.034583,0.029832,0.101726,0.006773
apsi00,1,2.291683,4.368119,4.021572,10.010344,9.216169,2597.190635,1189.319815,1175.703365,0.081664,0.080046,0.241207,0.049168
apsi00,10,2.368182,4.366505,2.685491,10.340681,6.359731,24829.16388,830.773956,811.385305,0.054216,0.04054,0.21722,0.050228
apsi00,11,2.369081,4.391959,2.615515,10.404909,6.196367,26764.414716,787.121422,790.534671,0.053631,0.039506,0.216972,0.049553
apsi00,2,2.315504,4.366499,3.688924,10.110645,8.541718,5128.829431,1068.344926,1089.71636,0.072543,0.070448,0.233298,0.049208
apsi00,3,2.3315,4.365922,3.444652,10.179146,8.031205,7754.113712,1050.102691,1024.619013,0.067409,0.064418,0.228692,0.049355
apsi00,4,2.341158,4.369294,3.23848,10.229209,7.581794,10476.789298,1008.021419,967.282015,0.063517,0.058591,0.225497,0.049852
apsi00,5,2.347809,4.386768,3.122317,10.299293,7.330603,13032.77592,948.207846,935.241024,0.061509,0.053898,0.223736,0.049573
apsi00,6,2.350364,4.389641,3.011985,10.317253,7.079262,15212.040134,959.64859,903.180331,0.059881,0.049829,0.222592,0.050114
apsi00,7,2.351804,4.367679,2.918835,10.271925,6.864528,17711.036789,910.305742,875.79119,0.058703,0.047348,0.221603,0.050763
apsi00,8,2.359315,4.365092,2.843286,10.298628,6.708207,20090.702341,871.150076,855.85415,0.057036,0.04453,0.219992,0.05023
apsi00,9,2.362584,4.39553,2.766353,10.384808,6.535741,22581.939799,860.572857,833.845079,0.055608,0.042353,0.218587,0.050174
art00,1,1.114057,94.843022,34.316775,105.660509,38.230834,1667.692308,5081.658614,4877.554838,0.359807,0.297428,0.520303,0.001716
art00,10,1.861836,67.292875,0.000309,125.288326,0.000575,3782.937063,0.008506,0.073332,0.185298,1.5E-05,0.216,0.003059
art00,11,1.87895,65.041391,8.3E-05,122.209532,0.000157,2165.594406,0.008584,0.019985,0.182039,1E-06,0.211157,0.002927
art00,2,1.503948,77.571826,7.053883,116.663963,10.608671,2250.629371,338.256256,1353.511238,0.263423,0.146682,0.365651,0.002374
art00,3,1.780758,68.68198,1.241226,122.305969,2.210322,3057.342657,736.535793,282.010565,0.198982,0.036217,0.250114,0.002977
art00,4,1.871662,65.145519,0.122064,121.930373,0.228463,2786.013986,0.008551,29.15162,0.184066,0.003536,0.214303,0.002934
art00,5,1.871467,66.044883,0.018423,123.60079,0.034478,2804.475524,0.085502,4.399503,0.182837,0.000669,0.212517,0.002958
art00,6,1.874708,66.128977,0.000346,123.972496,0.000648,3880.839161,0.012847,0.082719,0.182379,2.5E-05,0.211929,0.002975
art00,7,1.883835,66.6895,0.000143,125.632006,0.00027,3203.916084,0.01291,0.03444,0.177726,3E-06,0.208938,0.003259
art00,8,1.878515,66.582278,0.000345,125.075841,0.000647,3728.111888,0.004291,0.082611,0.178889,2E-06,0.210436,0.003133
art00,9,1.874927,65.927671,0.000333,123.609545,0.000625,3103.216783,0.004283,0.079784,0.180778,1E-06,0.212371,0.002969
astar06,1,0.843491,13.949034,11.344347,11.765879,9.56885,2474.381271,1251.996246,1219.358817,0.279189,0.247468,0.437918,0.000911
astar06,10,1.071416,13.81148,1.014422,14.79784,1.086868,21887.090301,119.347554,138.502951,0.096156,0.027064,0.311882,0.001164
astar06,11,1.084243,13.801292,0.53192,14.963952,0.57673,23437.056856,126.972036,73.493338,0.084623,0.012113,0.30462,0.001136
astar06,2,0.884503,14.131161,9.124288,12.499054,8.07046,4785.819398,898.402736,1028.486894,0.243289,0.203793,0.411342,0.00107
astar06,3,0.921715,13.960085,7.278697,12.867216,6.708882,7232.374582,818.181904,854.988159,0.208834,0.165704,0.387197,0.000993
astar06,4,0.962055,13.920737,5.621018,13.392515,5.407729,10295.384615,670.037083,689.165681,0.181868,0.133179,0.368449,0.001013
astar06,5,0.993211,13.900128,4.209565,13.805766,4.180988,12077.324415,504.254328,532.816406,0.157633,0.104097,0.351898,0.000985
astar06,6,1.020732,13.87701,3.05054,14.164706,3.113783,14530.033445,334.48931,396.808829,0.136527,0.078045,0.337574,0.001061
astar06,7,1.044023,13.894347,2.116261,14.506015,2.209425,16414.180602,278.432756,281.563868,0.118303,0.055011,0.325294,0.001082
astar06,8,1.059067,13.881531,1.494745,14.701471,1.583035,18370.033445,158.327864,201.733502,0.105736,0.03891,0.317462,0.001041
astar06,9,1.062142,13.843923,0.990239,14.70421,1.051774,19868.628763,131.108752,134.029985,0.09374,0.02479,0.309019,0.001158
bwaves06,1,2.26629,2.019768,1.965447,4.577382,4.454274,2075.719064,581.503237,566.622074,0.00229,0.002132,0.098969,0.000986
bwaves06,10,2.267414,2.020352,1.832069,4.580974,4.154059,18630.100334,542.633024,528.461909,0.002211,0.002056,0.098668,0.001113
bwaves06,11,2.26816,2.016671,1.818707,4.574133,4.125118,19875.050167,547.852015,524.783176,0.002137,0.001983,0.098498,0.001117
bwaves06,2,2.267403,2.015075,1.948377,4.568987,4.417756,4036.38796,587.987244,561.997864,0.002262,0.002101,0.098715,0.001073
bwaves06,3,2.266938,2.017815,1.936805,4.57426,4.390616,5898.060201,581.306717,558.553011,0.002258,0.002102,0.098798,0.001068
bwaves06,4,2.267379,2.020953,1.918349,4.582266,4.349625,8862.608696,571.959147,553.34349,0.002275,0.002112,0.09869,0.001085
bwaves06,5,2.268052,2.017001,1.908182,4.574664,4.327856,9780.602007,567.231237,550.570386,0.00219,0.002034,0.09853,0.001054
bwaves06,6,2.267993,2.016951,1.896801,4.574431,4.301931,11755.719064,555.507065,547.272051,0.002216,0.00206,0.098563,0.00106
bwaves06,7,2.26802,2.015499,1.881658,4.571191,4.267638,13761.070234,564.19629,542.908982,0.002194,0.002039,0.09849,0.001056
bwaves06,8,2.267405,2.018907,1.86319,4.57768,4.224606,16619.397993,561.732573,537.435363,0.002501,0.002324,0.098757,0.00105
bwaves06,9,2.268349,2.019398,1.841231,4.5807,4.176555,16476.254181,550.886483,531.326049,0.002135,0.001983,0.098414,0.001088
bzip200,1,1.808599,2.238873,1.135203,4.049222,2.053126,2012.307692,333.816594,261.899169,0.07302,0.058412,0.247729,0.005923
bzip200,10,1.929632,2.230578,0.052159,4.304195,0.100647,16374.615385,18.399381,12.841637,0.017837,0.000114,0.201503,0.00482
bzip200,11,1.92804,2.227668,0.051554,4.295034,0.099398,17682.692308,17.887636,12.682269,0.017846,0.00011,0.201852,0.004807
bzip200,2,1.897226,2.231295,0.416357,4.233271,0.789924,4464.230769,117.980645,100.776996,0.032111,0.015421,0.213614,0.005004
bzip200,3,1.905233,2.227466,0.168919,4.243841,0.32183,11249.615385,49.85845,41.061539,0.029771,0.012629,0.211422,0.004767
bzip200,4,1.923219,2.229637,0.088008,4.288081,0.169259,8450.769231,26.899394,21.595254,0.020375,0.002747,0.203812,0.004772
bzip200,5,1.928664,2.23227,0.078345,4.305297,0.151101,13510.769231,31.13449,19.278925,0.018077,0.000373,0.201666,0.004843
bzip200,6,1.929406,2.228661,0.054655,4.299994,0.105452,15599.230769,17.897094,13.454563,0.017865,0.00017,0.201542,0.004785
bzip200,7,1.927723,2.231721,0.052821,4.30214,0.101823,15701.153846,18.196432,12.991687,0.017838,0.000132,0.201795,0.00479
bzip200,8,1.929454,2.23465,0.052105,4.311653,0.100535,14771.153846,18.14315,12.827322,0.017845,0.000116,0.201514,0.004809
bzip200,9,1.928254,2.233797,0.052249,4.30733,0.100749,15917.692308,18.209106,12.853619,0.017862,0.000117,0.201848,0.004812
bzip206,1,1.526729,3.186787,1.164426,4.865362,1.777763,2225.284281,257.88049,226.793815,0.0477,0.031018,0.274814,0.013043
bzip206,10,1.582289,3.152184,0.044445,4.987665,0.070324,17271.170569,23.360405,8.97255,0.018251,0.000443,0.250934,0.012303
bzip206,11,1.582296,3.153824,0.044636,4.990285,0.070627,18076.521739,23.588809,9.011183,0.018247,0.000446,0.250918,0.012297
bzip206,2,1.576253,3.157011,0.141011,4.976249,0.222269,4153.846154,42.422818,28.35707,0.021144,0.003464,0.253561,0.012251
bzip206,3,1.579359,3.155573,0.120935,4.983784,0.191,6491.237458,42.705784,24.368265,0.019541,0.001758,0.252138,0.01229
bzip206,4,1.58094,3.153787,0.04776,4.985947,0.075506,8525.217391,23.528158,9.633421,0.018281,0.000462,0.251062,0.012273
bzip206,5,1.581447,3.151498,0.052406,4.983926,0.082877,10491.237458,24.085232,10.573916,0.018277,0.000479,0.251035,0.012288
bzip206,6,1.582408,3.150815,0.045293,4.985875,0.071673,11638.795987,23.133686,9.144442,0.01826,0.000451,0.250908,0.012302
bzip206,7,1.582195,3.154008,0.044617,4.990256,0.070592,12951.705686,23.521455,9.006058,0.018291,0.00045,0.25096,0.012305
bzip206,8,1.581384,3.158833,0.044458,4.995328,0.070305,14835.317726,23.552579,8.969998,0.018324,0.000445,0.250885,0.012322
bzip206,9,1.58212,3.149649,0.04431,4.983121,0.070103,16622.608696,23.39246,8.944328,0.018243,0.000443,0.250917,0.012298
cactusADM06,1,1.302065,5.340284,4.405039,6.953399,5.735649,2593.712375,735.759391,730.039436,0.146863,0.145103,0.292825,0.042024
cactusADM06,10,1.509093,5.350133,2.785222,8.073847,4.203159,24372.173913,550.993841,534.943006,0.033494,0.031289,0.191556,0.048939
cactusADM06,11,1.505793,5.351923,2.78982,8.058891,4.200892,25865.41806,549.831243,534.652365,0.032957,0.03064,0.190954,0.048893
cactusADM06,2,1.405854,5.355184,3.435731,7.528607,4.830136,5040,609.934655,614.800089,0.089354,0.087336,0.242179,0.045473
cactusADM06,3,1.474451,5.353768,3.022419,7.893866,4.456408,9004.147157,565.770934,567.199629,0.051143,0.049028,0.207622,0.047662
cactusADM06,4,1.504021,5.351081,2.843924,8.048138,4.277322,10966.688963,556.397695,544.386859,0.036293,0.034171,0.194076,0.048679
cactusADM06,5,1.508733,5.351824,2.813868,8.074476,4.245377,12969.899666,553.84469,540.319148,0.033549,0.031349,0.191624,0.048915
cactusADM06,6,1.507763,5.353804,2.810824,8.072269,4.238057,14756.923077,554.590789,539.372941,0.033752,0.031618,0.191891,0.048908
cactusADM06,7,1.498507,5.345099,2.805276,8.00967,4.203727,18345.953177,553.883698,535.033755,0.034407,0.031968,0.192092,0.048568
cactusADM06,8,1.504642,5.35471,2.796953,8.056923,4.208415,20645.083612,549.430718,535.614605,0.032971,0.030429,0.190956,0.048812
cactusADM06,9,1.507841,5.348992,2.791033,8.06543,4.208434,22031.839465,550.866619,535.613957,0.033637,0.031442,0.191701,0.048894
calculix06,1,2.082967,0.727341,0.470643,1.515028,0.980334,2526.555184,141.190146,124.699503,0.005026,0.004107,0.086213,0.001007
calculix06,10,2.090247,0.738592,0.141356,1.543839,0.295468,22286.287625,49.358931,37.584658,0.002627,0.001473,0.08334,0.000886
calculix06,11,2.090399,0.739736,0.132215,1.546342,0.276383,23678.929766,48.68846,35.156809,0.002566,0.001404,0.083261,0.000882
calculix06,2,2.084841,0.735603,0.394725,1.533616,0.82294,4796.789298,118.450041,104.680498,0.00443,0.003389,0.08554,0.001002
calculix06,3,2.085767,0.743343,0.332637,1.550441,0.693804,6769.765886,100.982825,88.252899,0.004093,0.002913,0.08512,0.000981
calculix06,4,2.086709,0.742545,0.284179,1.549475,0.592998,9246.555184,85.066473,75.430948,0.003718,0.002559,0.084692,0.000965
calculix06,5,2.088511,0.734054,0.241964,1.53308,0.505344,11273.043478,75.996373,64.281337,0.003216,0.002154,0.084017,0.000947
calculix06,6,2.088667,0.727089,0.211318,1.518647,0.441373,14305.016722,69.423413,56.147729,0.003025,0.002043,0.083924,0.000938
calculix06,7,2.089547,0.734736,0.184197,1.535265,0.384888,15998.662207,65.170293,48.961096,0.002904,0.001793,0.083654,0.000919
calculix06,8,2.090105,0.732729,0.166233,1.531481,0.347444,18800.267559,58.447886,44.196648,0.002703,0.001673,0.083452,0.00091
calculix06,9,2.090336,0.730557,0.152301,1.527111,0.31836,20576.053512,53.575608,40.497078,0.002602,0.001566,0.083329,0.000903
crafty00,1,1.910061,0.100096,0.012749,0.191189,0.024352,1188.158845,8.135856,3.107308,0.001937,0.001267,0.207001,0.000128
crafty00,10,1.911689,0.093374,5.8E-05,0.178502,0.000111,2175.018051,0.009017,0.014169,0.000653,1E-06,0.20663,0.000105
crafty00,11,1.912312,0.091626,0.000114,0.175218,0.000218,1680,0.022552,0.027806,0.000651,1E-06,0.206105,0.000104
crafty00,2,1.910022,0.090426,0.002318,0.172715,0.004427,1472.635379,0.42121,0.56484,0.000831,0.000212,0.206372,0.000115
crafty00,3,1.911196,0.091935,0.00042,0.175706,0.000803,1355.379061,0.0293,0.102429,0.000671,3.8E-05,0.206025,0.000115
crafty00,4,1.908123,0.090852,8.3E-05,0.173358,0.000158,1599.133574,0.121513,0.020217,0.000633,2E-06,0.206285,0.00011
crafty00,5,1.914416,0.102675,7E-05,0.196562,0.000133,1385.126354,0.004515,0.01701,0.000734,2E-06,0.206138,0.000103
crafty00,6,1.913569,0.092904,5.3E-05,0.177779,0.000101,1667.870036,0.011283,0.0129,0.000656,1E-06,0.206009,0.000103
crafty00,7,1.91272,0.08769,7.9E-05,0.167727,0.000151,1977.761733,0.011279,0.019318,0.000608,1E-06,0.206008,0.000109
crafty00,8,1.91043,0.096561,4.8E-05,0.184473,9.2E-05,1765.198556,0.009012,0.011703,0.000658,1E-06,0.205993,0.000118
crafty00,9,1.914001,0.091092,6.9E-05,0.174351,0.000132,1161.588448,0.018058,0.016897,0.000636,1E-06,0.206146,0.000129
dealII06,1,2.292478,2.376275,1.673854,5.447558,3.837274,2366.287625,514.468808,486.571336,0.024661,0.021174,0.150593,0.005093
dealII06,10,2.325229,2.378514,0.473785,5.530589,1.101659,21922.675585,154.543929,139.687314,0.015255,0.010835,0.140057,0.005102
dealII06,11,2.321844,2.374125,0.417993,5.512348,0.970514,22569.364548,142.155586,123.059706,0.014753,0.010306,0.139525,0.005088
dealII06,2,2.300103,2.384949,1.392589,5.485629,3.203099,4759.598662,436.401118,406.12372,0.022225,0.018592,0.147644,0.005067
dealII06,3,2.305981,2.383862,1.196413,5.497141,2.758906,7023.946488,376.803817,349.797124,0.02064,0.016839,0.146107,0.005084
dealII06,4,2.310382,2.380487,1.042233,5.499834,2.407957,9658.060201,323.798521,305.317339,0.019209,0.015298,0.144694,0.005074
dealII06,5,2.311273,2.378879,0.900871,5.498239,2.082159,11928.294314,290.754217,264.006803,0.018127,0.014019,0.143834,0.005086
dealII06,6,2.313899,2.379398,0.798393,5.505689,1.847402,14144.214047,257.6606,234.263975,0.017312,0.013138,0.143223,0.005085
dealII06,7,2.318116,2.375655,0.678543,5.507044,1.572941,16158.662207,221.969668,199.44981,0.016728,0.01242,0.141888,0.005112
dealII06,8,2.319998,2.381897,0.591014,5.525996,1.371151,17919.197324,200.96527,173.860696,0.016271,0.011882,0.141394,0.005111
dealII06,9,2.308452,2.389617,0.519835,5.516317,1.200013,20189.16388,171.608358,152.165296,0.015591,0.01122,0.143262,0.005014
eon00,1,2.401219,0.00174,3.4E-05,0.004178,8.2E-05,249.565217,0.017055,0.01042,0,0,0.06124,0.092792
eon00,10,2.414252,0.001625,3.8E-05,0.003924,9.2E-05,751.304348,0.017148,0.011689,0,0,0.059472,0.090602
eon00,11,2.414159,0.001666,4.1E-05,0.004023,1E-04,526.086957,0.051442,0.01276,0,0,0.05918,0.090743
eon00,2,2.40995,0.00166,4.5E-05,0.004001,0.000107,631.304348,0.042794,0.013701,0,0,0.060351,0.091959
eon00,3,2.41502,0.001618,4.4E-05,0.003907,0.000106,1145.217391,0.060037,0.013528,0,0,0.059381,0.090725
eon00,4,2.410283,0.001688,3.6E-05,0.004068,8.7E-05,631.304348,0.0428,0.011148,0,0,0.059411,0.091237
eon00,5,2.415301,0.001686,3.7E-05,0.004073,8.8E-05,827.826087,0.017155,0.011272,0,0,0.059398,0.090572
eon00,6,2.410248,0.001662,4.5E-05,0.004005,0.000107,972.173913,0.01712,0.013696,0,0,0.060228,0.090266
eon00,7,2.412861,0.001643,3.5E-05,0.003965,8.5E-05,743.478261,0.042845,0.010832,0,0,0.05958,0.0916
eon00,8,2.412874,0.001698,3.5E-05,0.004097,8.5E-05,879.130435,0.008569,0.010879,0,0,0.05888,0.091261
eon00,9,2.397115,0.001728,3.3E-05,0.004143,8E-05,627.826087,0.042566,0.010216,0,0,0.059973,0.090798
equake00,1,1.909431,30.725402,26.259759,58.668033,50.141196,2539.366516,6517.640387,6391.991642,0.066412,0.059617,0.192128,0.000333
equake00,10,2.082396,30.765768,9.581629,64.066518,19.952748,23377.737557,2711.456052,2544.257857,0.022943,0.01379,0.127544,0.000292
equake00,11,2.069646,30.755394,8.490211,63.652792,17.571735,25092.850679,2356.19618,2240.608271,0.022794,0.013756,0.132946,0.000289
equake00,2,1.918179,30.724532,23.788684,58.935156,45.630957,5086.334842,6592.682651,5817.106382,0.053657,0.046186,0.188637,0.000311
equake00,3,1.965786,30.685261,20.740814,60.320664,40.772007,7423.710407,5370.49091,5198.144343,0.035341,0.026924,0.164728,0.000306
equake00,4,1.985763,30.726528,18.597382,61.015606,36.929995,10291.040724,5162.420532,4708.763319,0.030011,0.021171,0.163243,0.000306
equake00,5,2.014012,30.752284,16.998705,61.935477,34.235601,12363.800905,4382.774906,4365.19314,0.027942,0.018961,0.152175,0.000304
equake00,6,2.008304,30.756414,15.263629,61.768229,30.654007,14611.402715,3943.147379,3908.944998,0.027471,0.018431,0.155277,0.000299
equake00,7,2.020656,30.755406,13.744294,62.146088,27.772487,17177.918552,3259.816188,3541.460617,0.026227,0.017239,0.150448,0.000296
equake00,8,2.052896,30.756476,12.27108,63.13986,25.191255,19540.271493,3022.037992,3211.931117,0.024894,0.015787,0.138032,0.000297
equake00,9,2.0942,30.745957,10.95119,64.388173,22.933978,21455.565611,2880.1987,2924.442311,0.022987,0.013818,0.121993,0.000299
facerec00,1,1.816405,11.075944,6.793323,20.118398,12.339424,2375.919732,1506.423124,1557.708704,0.022043,0.020705,0.291037,0.045382
facerec00,10,1.892967,11.095203,0.056803,21.002849,0.107526,16043.61204,9.031039,13.583219,0.001616,1E-04,0.262674,0.046743
facerec00,11,1.900757,11.065055,0.036879,21.031981,0.070097,16786.086957,6.214805,8.855151,0.001616,6.7E-05,0.262245,0.046769
facerec00,2,1.851764,11.097522,4.475409,20.549988,8.287401,4539.130435,942.492379,1046.202974,0.011781,0.010135,0.27883,0.046131
facerec00,3,1.87405,11.098658,2.846686,20.799438,5.334831,6943.411371,603.294641,673.866586,0.005425,0.003853,0.271748,0.046554
facerec00,4,1.883481,11.120883,1.991817,20.94597,3.751548,8771.906355,407.008608,473.816849,0.00388,0.00227,0.268609,0.046704
facerec00,5,1.890311,11.103639,1.263379,20.989334,2.388179,10722.140468,228.472109,301.720571,0.002982,0.001375,0.265655,0.046815
facerec00,6,1.893713,11.105355,0.782812,21.030358,1.482421,12050.033445,102.812357,187.264843,0.002668,0.000913,0.264647,0.046935
facerec00,7,1.89851,11.117639,0.424217,21.106953,0.80538,14251.505017,82.439774,101.737559,0.002134,0.000545,0.263256,0.046904
facerec00,8,1.900305,11.104623,0.245946,21.102169,0.467372,14837.993311,114.512352,59.033177,0.001895,0.000318,0.262713,0.046864
facerec00,9,1.899891,11.094733,0.111449,21.078787,0.211741,14815.518395,29.091086,26.748302,0.001731,0.000164,0.262478,0.046831
fma3d00,1,1.985798,10.172472,9.3679,20.200478,18.602761,2531.371237,2385.931781,2370.68594,0.056574,0.054123,0.188636,0.021519
fma3d00,10,2.058674,10.162633,5.334142,20.921551,10.981261,24016.856187,1389.47512,1399.6662,0.031335,0.024592,0.156764,0.02032
fma3d00,11,2.070028,10.162129,5.06434,21.03589,10.483326,25929.632107,1369.258689,1336.18534,0.032158,0.025146,0.159502,0.020758
fma3d00,2,2.003923,10.190283,8.613893,20.420546,17.261581,5552.64214,2393.630774,2199.945023,0.049564,0.046872,0.182416,0.021713
fma3d00,3,2.015767,10.179668,8.043129,20.519841,16.213077,7836.254181,2079.993118,2066.277835,0.045963,0.042601,0.178846,0.021279
fma3d00,4,2.022446,10.178178,7.558533,20.584814,15.286725,9944.615385,1898.545094,1948.26887,0.043864,0.039674,0.17595,0.02159
fma3d00,5,2.048603,10.171513,7.098251,20.837394,14.5415,12589.431438,1802.382209,1853.348632,0.038693,0.033668,0.167374,0.021741
fma3d00,6,2.044439,10.180337,6.697212,20.81308,13.692043,14979.531773,1627.954638,1745.080789,0.039432,0.034008,0.169474,0.021745
fma3d00,7,2.05251,10.163489,6.310745,20.86066,12.952865,17073.177258,1530.292503,1650.916593,0.037488,0.031637,0.166875,0.021283
fma3d00,8,2.060997,10.167703,5.978062,20.955608,12.32077,19576.187291,1548.519103,1570.360125,0.03537,0.029167,0.163429,0.020623
fma3d00,9,2.060268,10.170931,5.649219,20.954843,11.638904,21945.685619,1515.222301,1483.474049,0.034929,0.028377,0.164028,0.020748
galgel00,1,2.915712,10.676372,3.326123,31.129229,9.698018,3104.481605,922.905323,1236.842746,0.042946,0.033141,0.159425,0.001725
galgel00,10,3.150691,10.015476,0.040921,31.555665,0.128928,19576.187291,19.646876,16.444918,0.01054,0.000462,0.10645,0.001247
galgel00,11,3.148895,10.156324,0.043746,31.981199,0.137753,20785.551839,15.502231,17.570494,0.010838,0.000365,0.106636,0.001222
galgel00,2,3.067465,10.703181,1.018224,32.831634,3.123367,5836.254181,289.717152,398.357446,0.021238,0.011142,0.124677,0.001523
galgel00,3,3.129007,10.537535,0.260069,32.972021,0.813757,9664.481605,98.300045,103.781109,0.013854,0.003104,0.111241,0.00142
galgel00,4,3.135161,9.802246,0.17943,30.731622,0.56254,9979.93311,46.609573,71.754051,0.011612,0.001944,0.109269,0.001251
galgel00,5,3.143357,10.281766,0.125161,32.319256,0.393425,11840.267559,37.859771,50.181261,0.012022,0.001359,0.108275,0.001366
galgel00,6,3.143197,10.114141,0.123751,31.79074,0.388975,14184.882943,45.193185,49.613573,0.011678,0.001133,0.107947,0.001299
galgel00,7,3.136017,10.333226,0.101339,32.405172,0.317801,16184.882943,54.046389,40.535977,0.011456,0.000935,0.107456,0.001274
galgel00,8,3.146831,10.086302,0.07428,31.739892,0.233746,16851.103679,24.111238,29.81483,0.011213,0.00071,0.107172,0.001231
galgel00,9,3.150034,9.938879,0.066905,31.307807,0.210752,18862.876254,20.41496,26.879151,0.01083,0.000614,0.106683,0.001263
gamess06,1,3.067955,0.004515,0.001211,0.013852,0.003716,2325.886288,0.957652,0.473696,8E-06,7E-06,0.037138,0.000755
gamess06,10,3.063744,0.004171,0.000291,0.012779,0.000891,6765.752508,0.25104,0.113666,3E-06,1E-06,0.037382,0.000724
gamess06,11,3.065063,0.0044,0.000307,0.013487,0.000942,6456.187291,0.247799,0.120253,3E-06,2E-06,0.037503,0.000747
gamess06,2,3.06431,0.004342,0.000778,0.013304,0.002385,2955.183946,0.64613,0.304359,5E-06,3E-06,0.037504,0.000835
gamess06,3,3.066545,0.004977,0.000546,0.015264,0.001674,3904.214047,0.365178,0.213597,5E-06,2E-06,0.037471,0.000694
gamess06,4,3.064698,0.004429,0.000362,0.013572,0.001108,5374.715719,0.388397,0.141401,3E-06,2E-06,0.037222,0.000772
gamess06,5,3.068373,0.004213,0.000344,0.012927,0.001056,7052.040134,0.368749,0.134727,3E-06,2E-06,0.037114,0.000756
gamess06,6,3.064851,0.004648,0.000315,0.014247,0.000966,5560.133779,0.314751,0.123276,3E-06,1E-06,0.038436,0.000666
gamess06,7,3.06666,0.004596,0.000322,0.014094,0.000986,5092.976589,0.388645,0.125846,4E-06,2E-06,0.037174,0.00073
gamess06,8,3.06261,0.004939,0.000311,0.015127,0.000954,6136.989967,0.394821,0.121677,3E-06,1E-06,0.037578,0.000713
gamess06,9,3.062649,0.004179,0.000281,0.012799,0.00086,6406.153846,0.240913,0.109731,3E-06,1E-06,0.037256,0.000765
gap00,1,2.765546,4.796462,4.680749,13.264834,12.944826,2736.588629,1675.974266,1649.578174,0.018659,0.015747,0.113833,0.013956
gap00,10,2.807704,4.789863,3.915638,13.448515,10.993951,24566.153846,1429.191456,1401.126059,0.015075,0.012198,0.104334,0.01027
gap00,11,2.802129,4.789695,3.854528,13.421341,10.800885,25626.220736,1417.42568,1376.523912,0.015136,0.012262,0.104884,0.010107
gap00,2,2.783569,4.789422,4.566552,13.331684,12.711312,5460.869565,1614.03995,1619.975196,0.018548,0.015629,0.110648,0.012747
gap00,3,2.780155,4.789324,4.512886,13.315064,12.546524,7662.341137,1619.201457,1599.05772,0.018175,0.015251,0.110212,0.01247
gap00,4,2.765884,4.789778,4.415418,13.24797,12.212533,12407.22408,1549.73399,1556.467596,0.017712,0.014831,0.110477,0.012124
gap00,5,2.786499,4.789454,4.357185,13.345811,12.141293,12581.939799,1541.868257,1547.392075,0.017032,0.014148,0.108108,0.011835
gap00,6,2.799198,4.788799,4.272752,13.404797,11.960279,15004.949833,1493.621456,1524.316199,0.016723,0.013832,0.107368,0.011601
gap00,7,2.800397,4.788636,4.184417,13.410082,11.718028,17332.173913,1483.487154,1493.430133,0.01625,0.013371,0.106508,0.01132
gap00,8,2.796799,4.788941,4.064373,13.393705,11.367234,20471.973244,1488.496653,1448.731263,0.015856,0.012966,0.105694,0.010733
gap00,9,2.803855,4.788683,3.973091,13.426772,11.139972,22930.83612,1459.035149,1419.753107,0.015839,0.012956,0.105882,0.010518
gcc00,1,2.188957,3.732359,1.949673,8.169974,4.267752,2586.122449,610.194993,537.805888,0.058505,0.045236,0.166574,0.181305
gcc00,10,2.273784,6.784602,0.479229,15.426723,1.089664,23244.081633,206.883726,137.255331,0.022479,0.004745,0.133593,0.19806
gcc00,11,2.28577,5.427936,0.463339,12.407011,1.059087,24457.142857,208.619553,133.383631,0.022756,0.00449,0.130674,0.193456
gcc00,2,2.198378,7.609054,1.475796,16.727574,3.244358,5314.285714,461.804681,408.777417,0.049366,0.03211,0.159912,0.193134
gcc00,3,2.236427,5.287652,1.15807,11.825445,2.589939,9537.959184,382.875194,326.23046,0.04013,0.023645,0.148298,0.192867
gcc00,4,2.26278,4.619216,0.93872,10.452269,2.124118,11606.530612,386.394868,267.517939,0.033726,0.017135,0.139767,0.191506
gcc00,5,2.265684,5.700589,0.773934,12.915736,1.753491,13444.897959,347.291354,220.846965,0.029198,0.012091,0.137161,0.193285
gcc00,6,2.258721,7.878133,0.67063,17.794506,1.514767,15440,288.593001,190.784505,0.028847,0.00923,0.139321,0.197207
gcc00,7,2.273577,6.171161,0.577312,14.030608,1.312564,17622.857143,225.179007,165.343529,0.025367,0.006958,0.134621,0.193987
gcc00,8,2.272748,5.807191,0.534325,13.198284,1.214387,19598.367347,223.387655,152.973358,0.02481,0.005902,0.1345,0.191095
gcc00,9,2.284535,4.955664,0.500393,11.321389,1.143165,21725.714286,221.788814,143.978276,0.022647,0.00528,0.131392,0.19363
gcc06,1,1.225567,19.214395,14.701594,23.548525,18.017786,2712.992701,2270.235133,2281.329407,0.389012,0.323477,0.49684,0.064293
gcc06,10,1.692411,19.041768,2.147171,32.226489,3.633895,24258.686131,480.838353,458.96677,0.171644,0.038171,0.314871,0.085713
gcc06,11,1.690918,19.04704,1.846509,32.206983,3.122295,25910.656934,454.893527,394.354158,0.165703,0.032257,0.310609,0.08523
gcc06,2,1.342102,19.196719,11.425396,25.763952,15.334045,5017.226277,1798.751226,1940.353719,0.334449,0.257756,0.450865,0.069428
gcc06,3,1.436187,19.15023,9.051145,27.503306,12.999135,8169.927007,1446.380631,1644.132847,0.290119,0.201511,0.414276,0.074246
gcc06,4,1.50183,19.105021,7.283684,28.6925,10.938857,10351.532847,1157.075407,1382.971708,0.256781,0.158356,0.386097,0.076967
gcc06,5,1.561973,19.090507,5.718583,29.818853,8.932272,12705.985401,1001.828319,1128.911315,0.230633,0.121695,0.364769,0.080745
gcc06,6,1.591372,19.082196,4.553408,30.366867,7.246164,15176.642336,853.074888,915.898506,0.207588,0.091603,0.347622,0.082236
gcc06,7,1.613589,19.097139,3.720918,30.814936,6.004033,17216.350365,752.315409,758.602412,0.194018,0.073039,0.335722,0.081915
gcc06,8,1.62215,19.104938,2.99739,30.991068,4.862215,19587.737226,609.503347,614.414697,0.180485,0.056305,0.325044,0.08185
gcc06,9,1.671069,19.026998,2.482371,31.795421,4.148213,22004.671533,525.39139,524.04099,0.175653,0.045303,0.319601,0.085072
GemsFDTD06,1,1.769995,14.055042,12.948441,24.877351,22.918672,2596.923077,2996.473895,2909.0386,0.269555,0.257447,0.308507,0.000127
GemsFDTD06,10,1.827109,14.06291,11.794128,25.694471,21.54916,24884.548495,2817.140989,2735.514423,0.249791,0.235497,0.288029,0.00013
GemsFDTD06,11,1.829711,14.058285,11.755351,25.722594,21.508891,26792.508361,2856.773299,2730.343871,0.247402,0.233029,0.286222,0.000132
GemsFDTD06,2,1.773588,14.028972,12.510451,24.881621,22.188389,5313.444816,2924.066196,2816.560003,0.267459,0.255095,0.306207,0.000126
GemsFDTD06,3,1.781279,14.057713,12.279439,25.040703,21.873102,7576.989967,2900.661748,2776.574141,0.26593,0.253328,0.304204,0.000123
GemsFDTD06,4,1.780274,14.08231,12.052192,25.070365,21.456198,10088.829431,2836.70573,2723.707241,0.263605,0.250743,0.301566,0.000126
GemsFDTD06,5,1.791152,14.06029,12.051248,25.184124,21.585622,12944.749164,2857.730195,2740.120632,0.262531,0.249207,0.301002,0.000127
GemsFDTD06,6,1.806397,14.06348,11.987766,25.404228,21.654666,15098.862876,2907.243598,2748.835122,0.25635,0.242961,0.294088,0.000128
GemsFDTD06,7,1.797052,14.057843,11.943154,25.26268,21.462473,17583.143813,2832.924717,2724.486429,0.260556,0.247149,0.298652,0.000126
GemsFDTD06,8,1.78779,14.059808,11.818131,25.135981,21.128333,20056.454849,2808.992758,2682.30078,0.261938,0.247962,0.299812,0.000125
GemsFDTD06,9,1.818351,14.099789,11.685076,25.63836,21.247564,22479.197324,2786.183452,2697.270823,0.252285,0.238162,0.290545,0.000129
gobmk06,1,1.293806,0.95695,0.577326,1.238107,0.746947,2458.060201,104.275645,95.26716,0.025239,0.021523,0.317813,0.007567
gobmk06,10,1.322191,0.965905,0.081564,1.277111,0.107843,20566.688963,14.962513,13.755945,0.005739,0.001605,0.303771,0.00662
gobmk06,11,1.322696,0.958444,0.068645,1.267729,0.090797,23592.508361,12.197783,11.581752,0.005558,0.001432,0.303595,0.006516
gobmk06,2,1.301117,1.050526,0.463561,1.366857,0.603147,4802.408027,77.235636,76.935123,0.020456,0.016202,0.314319,0.007515
gobmk06,3,1.306952,0.969846,0.383981,1.267543,0.501845,7543.010033,56.98891,64.012508,0.016132,0.012306,0.311316,0.007359
gobmk06,4,1.311618,0.966789,0.321816,1.268058,0.4221,9849.09699,56.081701,53.840118,0.013242,0.009293,0.309163,0.007184
gobmk06,5,1.313697,0.994029,0.268392,1.305853,0.352586,11952.64214,44.516078,44.974264,0.011078,0.006983,0.307588,0.007151
gobmk06,6,1.317682,0.955741,0.21843,1.259363,0.287821,14567.22408,39.362885,36.713512,0.009173,0.00521,0.306274,0.006904
gobmk06,7,1.31949,1.007432,0.1768,1.329296,0.233286,16240,25.254994,29.75794,0.00816,0.004014,0.30551,0.006882
gobmk06,8,1.321276,0.954958,0.141855,1.261763,0.187429,17798.26087,19.26111,23.907858,0.007049,0.003096,0.304692,0.006704
gobmk06,9,1.321007,0.992951,0.106674,1.311696,0.140916,19951.839465,22.549501,17.974873,0.00639,0.002176,0.304533,0.006728
gromacs06,1,2.235398,0.729929,0.384316,1.631682,0.8591,2504.347826,102.185449,109.613871,0.00152,0.001226,0.081505,0.000905
gromacs06,10,2.238925,0.750121,0.000509,1.679465,0.00114,9677.591973,0.846342,0.145494,0.000356,2E-06,0.080072,0.000832
gromacs06,11,2.240987,0.755773,0.000381,1.693678,0.000853,11820.468227,0.288903,0.108844,0.000366,1E-06,0.079637,0.000897
gromacs06,2,2.23661,0.747218,0.211718,1.671236,0.47353,4357.993311,86.385593,60.421485,0.000971,0.000606,0.080602,0.000849
gromacs06,3,2.23954,0.740698,0.108778,1.658824,0.243612,7977.525084,19.945633,31.085269,0.000638,0.000301,0.080195,0.000883
gromacs06,4,2.240211,0.74181,0.055678,1.661811,0.124729,7393.177258,17.983877,15.915684,0.000469,0.000131,0.079935,0.000987
gromacs06,5,2.239571,0.745099,0.024548,1.668703,0.054977,9920.802676,1.786118,7.01517,0.000445,7.2E-05,0.079946,0.000919
gromacs06,6,2.240279,0.758031,0.009046,1.6982,0.020266,9833.043478,12.925483,2.586028,0.000397,3.5E-05,0.079908,0.000925
gromacs06,7,2.23768,0.758262,0.005267,1.696748,0.011785,9845.083612,0.67718,1.503763,0.000417,3.1E-05,0.080438,0.000909
gromacs06,8,2.240751,0.756205,0.0013,1.694467,0.002913,10239.732441,0.719727,0.371733,0.000417,5E-06,0.079846,0.000882
gromacs06,9,2.241249,0.746697,0.001053,1.673535,0.00236,10964.280936,0.203236,0.301123,0.000385,3E-06,0.079732,0.000832
gzip00,1,1.718765,0.072456,0.066807,0.124535,0.114825,2084.280936,28.065113,14.653886,0.000317,0.000302,0.206353,0.001788
gzip00,10,1.718996,0.072245,0.061495,0.12419,0.10571,13957.190635,24.236002,13.49096,0.000294,0.00028,0.20625,0.001839
gzip00,11,1.718657,0.072364,0.061284,0.124369,0.105327,18847.625418,27.252733,13.442017,0.00029,0.000276,0.206375,0.001845
gzip00,2,1.718999,0.072105,0.064515,0.123949,0.110901,4252.040134,25.867759,14.153179,0.000316,0.0003,0.206317,0.001805
gzip00,3,1.718681,0.072236,0.065684,0.124151,0.11289,8986.220736,27.369167,14.407004,0.000325,0.00031,0.206362,0.001845
gzip00,4,1.71812,0.072285,0.065403,0.124194,0.11237,10397.591973,26.646977,14.340716,0.000317,0.000302,0.206436,0.001853
gzip00,5,1.718529,0.072095,0.0646,0.123898,0.111018,9739.397993,25.605532,14.168143,0.000311,0.000296,0.206356,0.001843
gzip00,6,1.717858,0.072214,0.064049,0.124053,0.110028,11615.250836,25.732498,14.041752,0.00031,0.000295,0.206356,0.001828
gzip00,7,1.71868,0.072091,0.063153,0.123902,0.10854,11394.51505,24.302961,13.852122,0.000307,0.000293,0.20636,0.001873
gzip00,8,1.719128,0.072348,0.062384,0.124376,0.107247,12312.77592,24.859458,13.68699,0.000295,0.00028,0.20626,0.001789
gzip00,9,1.717439,0.072582,0.062028,0.124656,0.106528,15384.080268,25.484396,13.594345,0.000298,0.000285,0.206486,0.001847
h264ref06,1,2.924482,1.992521,0.942419,5.827093,2.756086,3654.046823,209.088442,351.390788,0.014013,0.011456,0.06722,0.000618
h264ref06,10,2.992,1.971054,0.003999,5.897394,0.011966,14101.137124,3.616394,1.525988,0.002941,6.5E-05,0.052284,0.000511
h264ref06,11,2.993845,1.98081,0.003625,5.930239,0.010853,15677.859532,2.281675,1.384024,0.002971,5.3E-05,0.052428,0.000515
h264ref06,2,2.9688,1.982734,0.354136,5.886341,1.05136,5619.264214,166.500093,134.064892,0.008254,0.005554,0.059583,0.000526
h264ref06,3,2.981778,1.981279,0.137305,5.907735,0.409412,8959.464883,55.451311,52.207967,0.005617,0.002859,0.05561,0.000547
h264ref06,4,2.989066,1.978415,0.071088,5.913613,0.212488,9035.183946,18.083453,27.09712,0.004379,0.001528,0.053852,0.000524
h264ref06,5,2.991205,1.969586,0.039784,5.891435,0.119002,11434.648829,20.395691,15.1756,0.003757,0.000881,0.053169,0.000521
h264ref06,6,2.993285,1.978265,0.023052,5.921512,0.069,13109.832776,10.363583,8.799256,0.003342,0.000498,0.052553,0.000523
h264ref06,7,2.994117,1.978852,0.014181,5.924914,0.04246,13123.478261,5.639233,5.41469,0.003187,0.000295,0.052498,0.000519
h264ref06,8,2.991932,1.982385,0.009698,5.931161,0.029016,13966.822742,2.904165,3.700302,0.003088,0.000203,0.052301,0.000515
h264ref06,9,2.993307,1.980463,0.00688,5.928134,0.020595,13968.428094,4.261894,2.626466,0.003051,0.000131,0.052375,0.000525
hmmer06,1,2.851005,2.662946,0.984153,7.592072,2.805824,1905.551839,304.537051,357.733604,0.001401,0.001031,0.00901,0.000283
hmmer06,10,2.869306,2.655986,0.005359,7.620837,0.015376,13363.745819,2.672651,1.961056,0.000419,4E-06,0.004312,0.000242
hmmer06,11,2.86895,2.644706,0.004376,7.587527,0.012554,16339.799331,2.612798,1.60111,0.000398,2E-06,0.004206,0.000249
hmmer06,2,2.86382,2.647044,0.35568,7.580657,1.018602,4367.35786,129.831848,129.898334,0.000718,0.000334,0.005439,0.000254
hmmer06,3,2.868262,2.634848,0.138725,7.557435,0.397901,6828.361204,58.088176,50.745912,0.000526,0.000113,0.004779,0.00032
hmmer06,4,2.866945,2.697416,0.073024,7.733343,0.209356,8510.501672,20.994158,26.701294,0.00048,5.8E-05,0.004378,0.00027
hmmer06,5,2.867123,2.673982,0.034278,7.666635,0.098279,9877.190635,12.451248,12.534342,0.000428,2.3E-05,0.004379,0.000253
hmmer06,6,2.871171,2.648028,0.020903,7.602943,0.060016,11639.063545,9.904357,7.654462,0.00043,1.6E-05,0.004287,0.000228
hmmer06,7,2.871226,2.644138,0.012851,7.591916,0.036897,12520.668896,3.505289,4.705892,0.000412,1E-05,0.004183,0.000239
hmmer06,8,2.870689,2.643858,0.00851,7.589696,0.024429,13705.953177,3.253863,3.115738,0.000422,4E-06,0.004252,0.000254
hmmer06,9,2.867984,2.670806,0.006693,7.659829,0.019195,13444.548495,2.806075,2.448178,0.000415,4E-06,0.00428,0.00026
lbm06,1,1.865047,31.873903,29.647035,59.446321,55.293109,2911.839465,7224.522222,7050.941519,0.00773,0.007207,0.206493,0.035288
lbm06,10,1.882912,31.906848,17.551758,60.077791,33.048418,25137.123746,4316.261022,4215.579481,0.004275,0.003861,0.200232,0.031768
lbm06,11,1.881637,31.916983,17.399228,60.056166,32.739026,27421.80602,4322.668569,4175.623365,0.004192,0.00376,0.200546,0.03168
lbm06,2,1.870109,31.915122,26.065821,59.68477,48.745939,5268.762542,6379.943102,6216.567163,0.006596,0.006123,0.204829,0.034133
lbm06,3,1.872671,31.913001,23.272892,59.762553,43.582471,7516.254181,5630.221235,5557.759617,0.005847,0.005394,0.204005,0.033213
lbm06,4,1.87643,31.906207,21.167986,59.869764,39.720244,10084.816054,5111.108885,5064.975145,0.005171,0.004731,0.202794,0.032734
lbm06,5,1.878432,31.909316,19.736662,59.93947,37.073972,12735.250836,4838.692666,4727.785346,0.004869,0.004437,0.201957,0.032443
lbm06,6,1.880337,31.890941,18.911582,59.965731,35.560155,15014.849498,4706.336348,4535.19344,0.004613,0.004193,0.201191,0.032085
lbm06,7,1.882159,31.902208,18.431946,60.045033,34.691856,17632.64214,4555.848395,4424.679683,0.004489,0.004068,0.201017,0.032028
lbm06,8,1.882874,31.903645,17.952498,60.070535,33.802288,20110.769231,4466.068199,4311.516817,0.004314,0.003894,0.200418,0.031904
lbm06,9,1.883145,31.908619,17.724219,60.088554,33.377274,22682.006689,4397.856968,4257.600938,0.004289,0.003864,0.200189,0.03185
leslie3d06,1,3.091959,9.057327,7.926376,28.004882,24.508028,2524.147157,3220.947133,3125.105473,0.024264,0.022487,0.061745,0.000288
leslie3d06,10,3.160863,9.059306,4.204819,28.635227,13.290857,24897.926421,1819.922553,1695.394995,0.014102,0.011985,0.044198,0.000222
leslie3d06,11,3.158685,9.065259,3.925392,28.634296,12.399077,27008.160535,1687.132641,1581.60446,0.013155,0.011079,0.043424,0.000206
leslie3d06,2,3.104309,9.061381,7.270442,28.129327,22.569698,5024.749164,2904.197561,2878.203704,0.021417,0.019595,0.057953,0.000253
leslie3d06,3,3.121214,9.063029,6.784139,28.287651,21.174749,7530.434783,2880.91915,2700.429588,0.020069,0.018235,0.054656,0.000255
leslie3d06,4,3.128389,9.050746,6.369879,28.314258,19.927463,10091.237458,2736.075739,2541.687021,0.018854,0.016995,0.052665,0.000243
leslie3d06,5,3.134399,9.059611,5.930027,28.396433,18.58707,12528.160535,2425.068103,2370.80557,0.018095,0.016183,0.051099,0.000252
leslie3d06,6,3.14395,9.050663,5.488127,28.454827,17.254393,15015.384615,2135.012907,2200.956546,0.016751,0.014824,0.048837,0.000242
leslie3d06,7,3.14798,9.055878,5.133636,28.507723,16.160584,17534.983278,2110.255047,2061.416925,0.015878,0.013908,0.047392,0.000212
leslie3d06,8,3.15175,9.05657,4.791647,28.544048,15.102074,20179.799331,2034.756953,1926.418956,0.015035,0.013036,0.046323,0.000198
leslie3d06,9,3.160215,9.056413,4.51467,28.620214,14.267329,22533.779264,1910.947268,1819.911632,0.01443,0.012396,0.044499,0.000216
libquantum06,1,2.51462,23.831473,22.46913,59.927089,56.501313,2451.906355,7140.651351,7205.879161,0.081426,0.080634,0.223948,1E-06
libquantum06,10,2.792881,23.826646,8.16882,66.544976,22.814538,21151.839465,3077.931114,2909.38828,0.057892,0.057182,0.181908,1E-06
libquantum06,11,2.937402,23.825579,5.965906,69.985311,17.524265,24337.926421,2110.404816,2234.645253,0.046433,0.04568,0.148962,1E-06
libquantum06,2,2.682953,23.827564,21.486814,63.928231,57.648108,4351.571906,7175.666416,7350.47208,0.08472,0.083729,0.213126,1E-06
libquantum06,3,2.685615,23.827914,20.720465,63.992603,55.647191,7091.371237,6388.322606,7095.423464,0.082654,0.081673,0.21012,1E-06
libquantum06,4,2.590708,23.828394,19.426861,61.732408,50.329323,8787.692308,6061.719025,6417.486957,0.088755,0.087933,0.238168,1E-06
libquantum06,5,2.618094,23.827694,18.171862,62.383148,47.575647,10309.0301,5666.754307,6066.467933,0.088028,0.087255,0.229616,1E-06
libquantum06,6,2.63761,23.829413,17.540977,62.852705,46.266261,12268.093645,6306.088107,5899.942586,0.082851,0.082151,0.221487,1E-06
libquantum06,7,2.866179,23.825582,15.522829,68.288392,44.491212,14283.879599,6085.331962,5673.023677,0.05853,0.057772,0.162877,1E-06
libquantum06,8,2.808651,23.827241,13.202937,66.922399,37.082438,17861.672241,5029.979556,4728.807485,0.061647,0.060893,0.179317,1E-06
libquantum06,9,2.847191,23.828412,10.176991,67.844041,28.975837,19322.541806,4008.93453,3695.152364,0.058703,0.057975,0.168645,1E-06
lucas00,1,2.367779,11.342632,10.890434,26.856847,25.786142,2684.682274,3342.651904,3284.02034,0.16751,0.152265,0.221644,0.001091
lucas00,10,2.406336,11.349403,7.713758,27.310476,18.561892,25084.949833,2347.961536,2364.561493,0.161024,0.146344,0.212191,0.000565
lucas00,11,2.418935,11.345045,7.431487,27.442922,17.976282,26977.391304,2537.469022,2289.874551,0.158501,0.143861,0.208391,0.000479
lucas00,2,2.382479,11.390998,10.447635,27.138811,24.891267,5356.254181,2990.732946,3170.131158,0.165018,0.14982,0.217847,0.000933
lucas00,3,2.377105,11.363785,10.136339,27.012913,24.095144,7635.317726,2976.918139,3069.033248,0.166003,0.150911,0.219678,0.000839
lucas00,4,2.385828,11.35047,9.804794,27.080266,23.392549,10314.381271,3093.374427,2979.740677,0.165393,0.150397,0.217989,0.000951
lucas00,5,2.394983,11.355581,9.474758,27.196418,22.691881,12782.073579,3006.614754,2890.481447,0.163699,0.148694,0.215241,0.000741
lucas00,6,2.395399,11.357379,9.166646,27.205451,21.957772,15286.421405,2769.875592,2797.147912,0.162742,0.147838,0.214969,0.000862
lucas00,7,2.393995,11.355798,8.767863,27.185727,20.990223,17717.458194,2660.219576,2673.975507,0.161542,0.146726,0.214716,0.000768
lucas00,8,2.398162,11.352109,8.440144,27.2242,20.240835,20191.304348,2505.866041,2578.282016,0.163288,0.14849,0.214807,0.0008
lucas00,9,2.400829,11.347442,8.095231,27.243268,19.435267,22616.989967,2517.23396,2475.826509,0.161386,0.146711,0.213415,0.000568
mcf00,1,0.21921,205.183422,118.412994,44.978278,25.957324,2286.956522,3619.87349,3309.611548,0.487504,0.418431,0.821211,0.033584
mcf00,10,0.388918,202.942724,7.315775,78.928073,2.845236,21969.565217,377.59101,362.800397,0.315561,0.048187,0.752218,0.042202
mcf00,11,0.390455,202.516784,7.067259,79.07363,2.759445,23607.826087,378.085264,351.860723,0.313139,0.044347,0.751503,0.042926
mcf00,2,0.284075,204.300903,57.916584,58.036762,16.452649,4542.608696,2168.097402,2097.73602,0.448919,0.353889,0.81472,0.035688
mcf00,3,0.335681,203.728858,29.336282,68.387843,9.847623,7006.956522,1125.479952,1255.588758,0.398921,0.259721,0.782858,0.039131
mcf00,4,0.367977,203.089212,17.113396,74.732114,6.297332,9343.478261,759.606149,802.955312,0.357155,0.16283,0.762957,0.041992
mcf00,5,0.382552,203.169104,11.207826,77.722762,4.287577,11841.73913,602.335186,546.708011,0.33171,0.094524,0.754118,0.042766
mcf00,6,0.38503,203.147093,9.556644,78.217649,3.679591,14133.913043,442.425064,469.19908,0.323107,0.068008,0.753189,0.042751
mcf00,7,0.386057,202.700749,8.680768,78.25402,3.35127,16059.130435,449.911802,427.299546,0.321821,0.059403,0.752884,0.041731
mcf00,8,0.38747,201.692293,8.014691,78.149768,3.105455,18393.043478,404.024567,395.988662,0.319456,0.054039,0.75252,0.042822
mcf00,9,0.388191,202.779631,7.61849,78.7172,2.957428,19805.217391,381.659988,377.111178,0.317083,0.0498,0.752405,0.042797
mcf06,1,0.366633,69.604796,53.593259,25.519402,19.649047,2455.919732,2553.052075,2500.890022,0.652616,0.575582,0.760863,0.019685
mcf06,10,0.58525,69.323229,19.341732,40.571421,11.319749,24475.451505,1446.23901,1439.624131,0.463371,0.245337,0.627343,0.024559
mcf06,11,0.586392,69.368574,19.237059,40.677186,11.28046,26141.270903,1435.924011,1434.62879,0.462434,0.243399,0.626732,0.024773
mcf06,2,0.430792,69.530731,39.418624,29.953266,16.981219,4951.705686,2183.768458,2160.84919,0.609441,0.527832,0.721855,0.020343
mcf06,3,0.477539,69.449644,31.685327,33.16493,15.130987,7355.451505,1808.333585,1925.099764,0.573319,0.479375,0.693326,0.021614
mcf06,4,0.515819,69.452687,26.623581,35.825024,13.732953,9933.110368,1759.169566,1747.017516,0.541225,0.42681,0.670011,0.023102
mcf06,5,0.545726,69.376956,23.190957,37.860821,12.655913,12209.230769,1703.592216,1609.811385,0.512687,0.369845,0.65153,0.023736
mcf06,6,0.563556,69.379377,21.257309,39.099177,11.979688,15069.431438,1500.12017,1523.678416,0.49201,0.319072,0.6409,0.024556
mcf06,7,0.575381,69.380688,20.320274,39.920336,11.691902,17319.331104,1497.267788,1487.054584,0.476543,0.280238,0.633287,0.024319
mcf06,8,0.580874,69.355881,19.81692,40.287034,11.511135,19826.622074,1506.002815,1464.022822,0.469651,0.261697,0.630172,0.024422
mcf06,9,0.583994,69.310037,19.517685,40.47662,11.398204,22223.67893,1476.400198,1449.613812,0.465748,0.251531,0.628338,0.024506
mesa00,1,2.492525,0.565942,0.372111,1.410624,0.927496,2397.056856,157.645048,118.353378,0.014939,0.014521,0.087883,0.054568
mesa00,10,2.495419,0.566109,0.053325,1.412679,0.133069,5386.488294,77.68937,16.981328,0.01458,0.014117,0.087462,0.0552
mesa00,11,2.489062,0.565638,0.053254,1.407909,0.132551,5773.377926,74.108411,16.915357,0.014421,0.013954,0.087879,0.05508
mesa00,2,2.493578,0.566639,0.221152,1.412959,0.551461,4813.110368,138.064332,70.370965,0.014661,0.014212,0.087446,0.054913
mesa00,3,2.499204,0.567036,0.129577,1.41714,0.32384,4225.284281,88.143743,41.321648,0.012893,0.012492,0.085672,0.055077
mesa00,4,2.47584,0.565854,0.081824,1.400963,0.202583,5696.053512,70.98156,25.851995,0.014438,0.014011,0.087892,0.054646
mesa00,5,2.496099,0.566091,0.063466,1.41302,0.158416,6447.090301,80.22717,20.215855,0.014355,0.013876,0.087231,0.05457
mesa00,6,2.490034,0.566004,0.056853,1.409368,0.141565,5927.491639,61.428835,18.065514,0.014886,0.014406,0.086761,0.055042
mesa00,7,2.494763,0.565727,0.054673,1.411354,0.136395,6484.548495,60.463489,17.405809,0.01457,0.01409,0.087554,0.055124
mesa00,8,2.494066,0.565803,0.053487,1.41115,0.133401,6619.665552,47.518928,17.023649,0.014618,0.014149,0.087639,0.055187
mesa00,9,2.475862,0.565675,0.053144,1.400533,0.131577,5699.799331,57.920224,16.791017,0.014969,0.01451,0.088405,0.054779
mgrid00,1,2.729799,7.38935,6.898037,20.171443,18.830256,2795.719064,2435.350799,2401.31395,0.026891,0.02577,0.043211,0.004286
mgrid00,10,2.777039,7.575979,3.877398,21.038794,10.767688,24950.367893,1479.981138,1373.592418,0.013521,0.011756,0.027662,0.004176
mgrid00,11,2.778465,7.544543,3.51933,20.962246,9.778334,27077.458194,1346.125625,1247.349818,0.013143,0.011127,0.027228,0.004164
mgrid00,2,2.727321,7.79295,6.856564,21.253875,18.700049,5127.22408,2423.051372,2384.967976,0.026293,0.025089,0.043636,0.004292
mgrid00,3,2.735408,7.58917,6.393441,20.759477,17.48867,7663.143813,2177.911341,2230.834141,0.024306,0.023102,0.04077,0.004273
mgrid00,4,2.732319,7.59043,6.049185,20.739472,16.528301,10120.936455,1936.289645,2108.43815,0.025163,0.023749,0.041169,0.004212
mgrid00,5,2.744941,7.54711,5.647146,20.716369,15.501079,12626.354515,1898.644437,1977.386968,0.022374,0.020901,0.037646,0.00424
mgrid00,6,2.74827,7.58418,5.324582,20.843376,14.63339,15103.143813,1839.862841,1866.516645,0.020641,0.019118,0.036534,0.00417
mgrid00,7,2.767169,7.530133,4.907297,20.837151,13.57932,17628.896321,1709.594043,1732.230801,0.016103,0.014639,0.030834,0.004171
mgrid00,8,2.765576,7.56263,4.56717,20.915032,12.630859,20092.040134,1722.109057,1611.264246,0.016355,0.014763,0.03135,0.004212
mgrid00,9,2.770237,7.57739,4.248682,20.991166,11.769856,22584.080268,1418.054072,1501.412529,0.014938,0.013307,0.029746,0.004136
milc06,1,0.976579,34.19635,33.61628,33.39544,32.828955,2548.494983,3846.782242,4055.708653,0.580228,0.504124,0.631878,0.016337
milc06,10,0.994018,34.157216,30.549344,33.952885,30.366595,24870.100334,3773.470035,3752.236109,0.572896,0.496315,0.624673,0.01699
milc06,11,1.002053,34.199987,30.356883,34.270216,30.41922,26399.732441,3862.415886,3757.886036,0.571443,0.494116,0.621931,0.017044
milc06,2,0.978982,34.11764,33.130922,33.400551,32.434571,5164.949833,4080.462945,4007.572855,0.580896,0.505457,0.631094,0.016359
milc06,3,0.983832,34.135214,32.746129,33.583301,32.216675,7579.93311,4115.563595,3980.445888,0.578047,0.502123,0.628814,0.016435
milc06,4,0.982285,34.142923,32.422341,33.538076,31.847975,10069.297659,4002.764046,3935.117406,0.578807,0.502989,0.62964,0.016576
milc06,5,0.985657,34.152317,32.105868,33.662475,31.645378,12599.866221,3990.837888,3909.598214,0.576409,0.500339,0.628214,0.016708
milc06,6,0.980476,34.185783,31.775387,33.518355,31.155019,15171.638796,3907.129866,3850.631361,0.577968,0.501826,0.629859,0.016611
milc06,7,0.99529,34.151213,31.474037,33.990355,31.325789,17627.023411,3975.983292,3869.763213,0.572724,0.496002,0.624139,0.016891
milc06,8,0.997397,34.241274,31.247939,34.15213,31.166589,20132.976589,3922.207709,3850.482979,0.571763,0.494805,0.623127,0.015995
milc06,9,0.994559,34.154303,30.788798,33.968473,30.621279,22326.688963,3848.883175,3783.332886,0.573402,0.496618,0.624697,0.017087
namd06,1,2.107863,0.15699,0.104678,0.330913,0.220648,2347.023411,27.025843,28.149692,0.000985,0.000885,0.111529,0.00032
namd06,10,2.111183,0.157939,0.016471,0.333438,0.034774,18819.264214,6.076744,4.436605,0.000176,6.6E-05,0.110498,0.000306
namd06,11,2.111165,0.15893,0.016089,0.335527,0.033967,19606.153846,6.641695,4.333695,0.000176,6.6E-05,0.110545,0.000306
namd06,2,2.110182,0.157909,0.080349,0.333217,0.169551,4983.277592,22.349647,21.631624,0.000707,0.000609,0.110935,0.000314
namd06,3,2.109074,0.158649,0.063868,0.334603,0.134702,7072.374582,22.197433,17.185612,0.000585,0.000481,0.111112,0.000309
namd06,4,2.110604,0.158316,0.050863,0.334143,0.107351,9254.314381,15.937967,13.696069,0.000469,0.000366,0.110722,0.000306
namd06,5,2.11089,0.158159,0.040352,0.333856,0.08518,11503.946488,13.429073,10.867411,0.000382,0.000277,0.110698,0.000306
namd06,6,2.110914,0.157882,0.031442,0.333276,0.066372,14531.638796,8.559371,8.468007,0.000307,0.000202,0.110606,0.000303
namd06,7,2.111786,0.158731,0.026116,0.335207,0.055151,15489.765886,7.234148,7.036289,0.000257,0.000151,0.110463,0.000305
namd06,8,2.111789,0.158618,0.020804,0.334969,0.043935,17576.722408,7.44643,5.605346,0.000223,0.000115,0.110421,0.000307
namd06,9,2.110852,0.158293,0.018197,0.334134,0.038412,18054.58194,5.856747,4.900711,0.000198,8.9E-05,0.110558,0.000306
omnetpp06,1,0.612649,33.385249,24.446396,20.453425,14.977049,2409.09699,1850.336655,1908.924116,0.558706,0.492429,0.6548,0.037861
omnetpp06,10,0.972013,33.016375,6.070497,32.09234,5.900601,24067.692308,667.724565,752.226924,0.348801,0.191855,0.474895,0.02828
omnetpp06,11,1.000246,33.007029,5.168212,33.015165,5.169486,25696.32107,571.98036,659.006027,0.329896,0.165928,0.459686,0.028164
omnetpp06,2,0.671245,33.239933,19.726525,22.312129,13.241325,5187.157191,1656.714275,1688.005894,0.530867,0.446518,0.629109,0.037955
omnetpp06,3,0.718171,33.193251,16.985077,23.838426,12.198188,7766.421405,1643.525619,1555.126411,0.503293,0.402934,0.604811,0.036686
omnetpp06,4,0.752437,33.060963,14.827797,24.876304,11.156989,9741.270903,1228.565221,1422.496397,0.482998,0.374227,0.587036,0.034638
omnetpp06,5,0.791172,33.070703,13.035592,26.164623,10.313399,12292.70903,1225.025958,1314.933225,0.459551,0.342185,0.567213,0.033373
omnetpp06,6,0.82969,33.060426,11.33129,27.429901,9.401457,14617.257525,1048.826866,1198.677839,0.437447,0.312258,0.548108,0.031069
omnetpp06,7,0.868431,32.972737,9.725634,28.634543,8.446041,17184.481605,966.786386,1076.824999,0.413526,0.280394,0.528064,0.029967
omnetpp06,8,0.902045,32.984471,8.413395,29.753473,7.58926,19694.180602,920.656934,967.57491,0.393241,0.252551,0.511377,0.029271
omnetpp06,9,0.937394,32.971599,7.163674,30.907393,6.715187,21824.481605,684.517196,856.107969,0.37046,0.221461,0.492636,0.028258
parser00,1,1.150061,4.986787,2.84885,5.735111,3.276352,2255.250836,418.030296,417.845462,0.071637,0.053105,0.293767,0.005379
parser00,10,1.216875,5.115073,0.111444,6.224402,0.135613,21227.023411,22.082499,17.298545,0.024686,0.001674,0.253396,0.002426
parser00,11,1.21607,5.0984,0.090599,6.200013,0.110175,22208.963211,19.525451,14.052363,0.024406,0.001426,0.253707,0.002391
parser00,2,1.174405,5.373804,1.896123,6.311024,2.226817,4776.454849,389.643762,284.027646,0.05469,0.033235,0.27907,0.004556
parser00,3,1.19734,5.11745,1.141008,6.127326,1.366174,7040.802676,147.132859,174.259298,0.039875,0.01846,0.266271,0.003783
parser00,4,1.206728,5.150337,0.79506,6.215053,0.959421,9371.505017,147.287458,122.37782,0.034051,0.011939,0.26083,0.003348
parser00,5,1.214664,5.094364,0.549316,6.187938,0.667234,11838.929766,64.354422,85.108677,0.030537,0.008213,0.257378,0.003073
parser00,6,1.21428,5.107466,0.374057,6.201892,0.45421,14536.722408,45.612398,57.937089,0.028124,0.005552,0.255658,0.002848
parser00,7,1.21377,5.106816,0.257884,6.198502,0.313012,16080.535117,38.0303,39.927313,0.02659,0.003785,0.255587,0.002651
parser00,8,1.217035,5.119038,0.191854,6.23005,0.233493,18213.244147,35.490556,29.784347,0.025865,0.002835,0.254229,0.002566
parser00,9,1.218402,5.10502,0.136465,6.219967,0.166269,19674.916388,18.667515,21.20704,0.025107,0.002117,0.253428,0.002478
perlbench06,1,2.365291,1.349265,0.910629,3.191403,2.153901,3138.996656,220.452796,274.18958,0.103777,0.087455,0.225308,0.004226
perlbench06,10,2.594115,1.329592,0.020863,3.449114,0.054121,19372.842809,11.43399,6.891302,0.021664,0.000791,0.155489,0.001881
perlbench06,11,2.593277,1.332056,0.020216,3.45439,0.052426,19230.769231,12.476272,6.675474,0.021699,0.000764,0.155596,0.001829
perlbench06,2,2.445647,1.342585,0.584594,3.28349,1.429711,5024.481605,209.86947,182.042175,0.074924,0.057546,0.20002,0.003436
perlbench06,3,2.506823,1.339033,0.366108,3.356719,0.917768,8477.324415,103.129222,116.84466,0.053619,0.035162,0.181409,0.002865
perlbench06,4,2.552669,1.335988,0.208251,3.410335,0.531595,10152.240803,121.469376,67.687804,0.037975,0.018376,0.168199,0.002296
perlbench06,5,2.578821,1.331084,0.106428,3.432628,0.274458,12086.421405,59.439179,34.945615,0.028729,0.008324,0.15972,0.00209
perlbench06,6,2.589291,1.328382,0.067879,3.439568,0.175758,14214.046823,15.774059,22.379622,0.025188,0.004599,0.156896,0.001932
perlbench06,7,2.595048,1.336862,0.043043,3.46922,0.111699,15155.317726,12.530151,14.222831,0.023435,0.002542,0.155264,0.00191
perlbench06,8,2.596265,1.325816,0.028967,3.442168,0.075206,16575.518395,18.678058,9.576069,0.02229,0.001333,0.154625,0.001909
perlbench06,9,2.598824,1.326659,0.023549,3.447755,0.0612,19212.575251,12.151625,7.79259,0.021953,0.00095,0.153923,0.001865
perlbmk00,1,2.903368,0.889078,0.480947,2.581321,1.396366,2404.186047,175.069594,177.757618,0.071502,0.059092,0.141025,0.013913
perlbmk00,10,3.083511,0.884685,0.088081,2.727935,0.271598,21822.325581,39.438101,34.581675,0.017991,0.004052,0.089661,0.006533
perlbmk00,11,3.082863,0.884488,0.084601,2.726755,0.260813,23883.72093,40.10207,33.208747,0.017916,0.003734,0.090416,0.006605
perlbmk00,2,3.013916,0.888297,0.279058,2.677254,0.841057,4728.372093,99.49635,107.08823,0.039027,0.025645,0.109412,0.009166
perlbmk00,3,3.050223,0.885031,0.197253,2.699543,0.601666,8346.976744,73.901609,76.606522,0.027412,0.013488,0.09816,0.00777
perlbmk00,4,3.06975,0.887312,0.16084,2.723827,0.49374,10141.860465,65.073927,62.866003,0.023241,0.009503,0.093612,0.006774
perlbmk00,5,3.072299,0.888371,0.13995,2.729341,0.429967,11612.093023,57.669693,54.746108,0.02148,0.00758,0.090473,0.0066
perlbmk00,6,3.078473,0.879273,0.122129,2.706818,0.37597,14581.860465,50.020719,47.871049,0.020554,0.006476,0.091676,0.006866
perlbmk00,7,3.083238,0.886977,0.109114,2.734762,0.336426,16696.27907,47.685567,42.836558,0.019539,0.005597,0.0899,0.006503
perlbmk00,8,3.081137,0.881557,0.101265,2.716199,0.312013,18639.534884,49.457295,39.727985,0.018931,0.005001,0.089797,0.006793
perlbmk00,9,3.083737,0.885705,0.094065,2.731282,0.290073,20604.186047,42.691151,36.934781,0.018596,0.004352,0.089398,0.006803
povray06,1,2.507659,0.012153,0.001797,0.030476,0.004507,1300.602007,0.692936,0.574888,3.7E-05,1.9E-05,0.074834,0.005122
povray06,10,2.508418,0.010311,0.00035,0.025865,0.000878,3625.150502,0.087671,0.112057,1.8E-05,2E-06,0.074071,0.005705
povray06,11,2.507716,0.011304,0.000308,0.028347,0.000774,3189.565217,0.125992,0.098686,1.8E-05,2E-06,0.074459,0.005193
povray06,2,2.502203,0.01014,0.000634,0.025372,0.001586,2040.936455,0.470065,0.202265,1.8E-05,3E-06,0.074192,0.005354
povray06,3,2.502997,0.009354,0.000419,0.023412,0.00105,2793.043478,0.174964,0.133901,1.4E-05,2E-06,0.074229,0.005104
povray06,4,2.506356,0.011228,0.000322,0.028142,0.000807,2812.307692,0.301123,0.102989,2.1E-05,2E-06,0.073775,0.004888
povray06,5,2.510144,0.011202,0.000266,0.02812,0.000669,3416.989967,0.131596,0.08528,2.4E-05,2E-06,0.074538,0.004986
povray06,6,2.512405,0.009719,0.000271,0.024418,0.000681,3278.929766,0.321055,0.086841,1.4E-05,2E-06,0.073855,0.00554
povray06,7,2.499904,0.009812,0.000278,0.024529,0.000695,2979.264214,0.076452,0.0887,1.6E-05,2E-06,0.074517,0.00453
povray06,8,2.505797,0.01083,0.000226,0.027137,0.000567,3020.468227,0.136843,0.072306,1.9E-05,2E-06,0.074324,0.006078
povray06,9,2.50258,0.010958,0.000338,0.027423,0.000847,3294.983278,0.289736,0.108025,1.9E-05,2E-06,0.07455,0.005037
sixtrack00,1,2.715198,0.800797,0.262876,2.174322,0.71376,2582.207358,242.188903,91.002924,0.001784,0.001432,0.034498,7.4E-05
sixtrack00,10,2.72615,0.745925,0.000975,2.033504,0.002657,9562.541806,0.904898,0.338879,0.000383,7E-06,0.031466,6.2E-05
sixtrack00,11,2.725849,0.757043,0.000819,2.063585,0.002231,11776.588629,0.500026,0.284583,0.000387,7E-06,0.031503,6.6E-05
sixtrack00,2,2.722363,0.784677,0.120009,2.136176,0.326708,7551.036789,1.429725,41.663189,0.000917,0.000533,0.032365,6.2E-05
sixtrack00,3,2.725157,0.778702,0.050892,2.122084,0.138689,7083.076923,0.68438,17.686838,0.000465,7.7E-05,0.031659,6.4E-05
sixtrack00,4,2.725518,0.744871,0.01205,2.030158,0.032841,8958.662207,4.639584,4.188273,0.000415,4E-05,0.031574,6.6E-05
sixtrack00,5,2.724659,0.764776,0.008377,2.083754,0.022824,9644.949833,4.007357,2.910754,0.000399,9E-06,0.031545,6.1E-05
sixtrack00,6,2.725843,0.778208,0.001207,2.121273,0.003291,9997.324415,0.514907,0.419708,0.000394,9E-06,0.031505,7.1E-05
sixtrack00,7,2.726038,0.771731,0.001236,2.103768,0.003369,7607.759197,0.654836,0.42965,0.000391,1E-05,0.031486,6.5E-05
sixtrack00,8,2.723644,0.764235,0.001297,2.081504,0.003534,8569.09699,0.603702,0.450628,0.000391,8E-06,0.031661,6.7E-05
sixtrack00,9,2.726149,0.760877,0.001038,2.074265,0.002829,7868.361204,0.601283,0.360763,0.000388,7E-06,0.031485,6.5E-05
sjeng06,1,1.838708,0.436321,0.364486,0.802267,0.670183,2488.561873,78.009173,85.509059,0.058028,0.051127,0.266912,0.006229
sjeng06,10,1.865638,0.433862,0.244707,0.80943,0.456534,23140.602007,54.440779,58.252042,0.044937,0.037311,0.257064,0.005523
sjeng06,11,1.865559,0.431861,0.238884,0.805662,0.445652,24786.354515,57.953929,56.863436,0.043917,0.036348,0.256175,0.005503
sjeng06,2,1.847454,0.439406,0.336973,0.811783,0.622543,5061.672241,81.321932,79.431725,0.054612,0.04744,0.264206,0.005675
sjeng06,3,1.848022,0.440786,0.322547,0.814583,0.596074,7425.819398,77.123051,76.048065,0.053323,0.045981,0.263321,0.005629
sjeng06,4,1.852817,0.431406,0.308398,0.799317,0.571405,10184.080268,74.196425,72.908882,0.051774,0.044554,0.262016,0.00561
sjeng06,5,1.854941,0.433111,0.295148,0.803395,0.547482,12065.551839,70.623022,69.855687,0.050177,0.042902,0.260877,0.005591
sjeng06,6,1.856216,0.437077,0.283905,0.811308,0.526988,14827.558528,65.331087,67.241689,0.048898,0.041623,0.259916,0.005557
sjeng06,7,1.85958,0.434218,0.272822,0.807463,0.507335,17180.468227,59.525417,64.733824,0.048051,0.040555,0.259449,0.005589
sjeng06,8,1.86059,0.434136,0.261845,0.80775,0.487186,19269.0301,64.100384,62.162567,0.04682,0.039309,0.258486,0.005588
sjeng06,9,1.864233,0.433201,0.251688,0.807587,0.469205,21201.070234,61.80777,59.869598,0.045581,0.038019,0.257444,0.005531
soplex06,1,0.950862,37.637695,27.242325,35.788259,25.903696,2299.665552,2526.041469,3301.063439,0.35082,0.308728,0.501159,0.035085
soplex06,10,1.350893,36.397934,1.256865,49.169707,1.697889,22536.722408,161.851267,216.427592,0.124822,0.019566,0.324389,0.038528
soplex06,11,1.355837,36.373305,1.030959,49.316255,1.397811,24409.632107,180.433564,178.1737,0.122349,0.01578,0.321693,0.038541
soplex06,2,1.028929,37.496819,19.178767,38.581566,19.733591,4779.93311,2417.460411,2514.987476,0.306124,0.253276,0.467112,0.033599
soplex06,3,1.088105,37.405476,14.697001,40.701104,15.991887,7257.792642,1934.690153,2038.059076,0.273474,0.212959,0.441073,0.033092
soplex06,4,1.141771,37.207652,10.755331,42.482625,12.280128,9643.076923,1438.966861,1565.26066,0.239661,0.170642,0.415528,0.033871
soplex06,5,1.197777,37.156219,8.452818,44.504848,10.124587,12069.565217,1304.820401,1290.517134,0.209886,0.13389,0.3922,0.035112
soplex06,6,1.241677,36.937041,6.152985,45.863855,7.640017,14477.056856,992.620566,973.864851,0.183641,0.100331,0.370906,0.035362
soplex06,7,1.281035,36.774535,4.325833,47.109449,5.541542,16725.618729,581.569162,706.344206,0.163289,0.072632,0.355252,0.037307
soplex06,8,1.307032,36.531866,2.904359,47.748304,3.796089,19053.377926,496.083795,483.876508,0.145712,0.048954,0.341715,0.037595
soplex06,9,1.329244,36.490919,2.189057,48.505342,2.909791,21323.344482,431.713507,370.893746,0.137009,0.036271,0.3338,0.037937
sphinx306,1,1.743902,19.500256,14.769698,34.006544,25.756913,2461.80602,2297.095648,3280.691197,0.138379,0.117685,0.214787,0.004696
sphinx306,10,2.016529,19.516923,0.056433,39.356432,0.113798,14207.892977,3.310522,14.508124,0.032167,0.000503,0.100272,0.003232
sphinx306,11,2.003284,19.554358,0.037492,39.172938,0.075107,17315.585284,10.035115,9.575714,0.03258,0.000405,0.104794,0.003414
sphinx306,2,1.81596,19.54324,10.285065,35.489733,18.677262,4712.77592,2408.18654,2380.448931,0.105948,0.083664,0.182344,0.003766
sphinx306,3,1.868969,19.542613,7.019641,36.524542,13.119492,9273.043478,954.574041,1672.226364,0.084456,0.059533,0.159379,0.003606
sphinx306,4,1.919434,19.52076,4.289595,37.468805,8.233592,9006.822742,940.22491,1049.524403,0.065275,0.038407,0.138271,0.003334
sphinx306,5,1.953139,19.534175,2.642134,38.152961,5.160455,11213.110368,434.554154,657.806237,0.053974,0.025539,0.125262,0.003297
sphinx306,6,1.981829,19.519261,1.380657,38.683836,2.736226,13268.494983,630.678892,348.821652,0.043523,0.013674,0.113949,0.003414
sphinx306,7,2.001801,19.539666,0.562934,39.114529,1.126882,13686.421405,91.417456,143.663606,0.036982,0.005734,0.10591,0.003229
sphinx306,8,2.007549,19.540949,0.318406,39.229404,0.639216,14821.672241,90.143871,81.494287,0.034605,0.003215,0.103481,0.003253
sphinx306,9,2.013003,19.498451,0.122017,39.250432,0.245621,17095.384615,8.996078,31.315412,0.03283,0.001295,0.101218,0.003239
swim00,1,1.648799,25.760373,25.317883,42.473689,41.744113,2544.481605,5804.842876,5321.503066,0.354943,0.314405,0.459059,0.000846
swim00,10,1.668968,25.762803,21.858054,42.997302,36.4804,24490.167224,4427.553706,4650.420549,0.313069,0.254837,0.455253,0.000749
swim00,11,1.670625,25.761,21.599084,43.036973,36.083971,26938.060201,4979.738023,4599.965576,0.310898,0.252021,0.454993,0.000734
swim00,2,1.654144,25.760222,24.851871,42.611108,41.108565,5039.464883,5049.124121,5240.579523,0.346546,0.302295,0.458203,0.000785
swim00,3,1.656075,25.760848,24.50171,42.661885,40.576659,7617.658863,5439.865681,5172.820575,0.343753,0.298267,0.457718,0.000786
swim00,4,1.657944,25.761012,24.12463,42.710319,39.997291,10137.525084,4852.512922,5098.935818,0.339279,0.291721,0.45745,0.000755
swim00,5,1.659971,25.76087,23.743808,42.762304,39.414039,12585.41806,5354.815467,5024.555949,0.334505,0.28507,0.456938,0.000786
swim00,6,1.662274,25.760262,23.310331,42.820623,38.748166,15306.755853,4654.305963,4939.657376,0.327655,0.275319,0.456458,0.000758
swim00,7,1.664859,25.760642,22.95434,42.887842,38.215744,17632.64214,5086.423855,4871.768471,0.326019,0.272777,0.456,0.000739
swim00,8,1.666557,25.762106,22.577798,42.934029,37.627196,19923.210702,5222.585269,4796.761303,0.321371,0.266627,0.455702,0.000724
swim00,9,1.668107,25.761885,22.249511,42.973587,37.114572,22436.923077,4567.59892,4731.450229,0.318629,0.262538,0.455383,0.000727
tonto06,1,2.893984,0.23845,0.054437,0.690072,0.157539,1525.083612,13.579944,20.093522,0.001282,0.00098,0.082983,0.005654
tonto06,10,2.892407,0.221524,0.000343,0.640738,0.000993,4002.140468,0.214822,0.12662,0.000302,3E-06,0.082269,0.005369
tonto06,11,2.892547,0.224402,0.000405,0.649094,0.001172,5026.622074,0.205351,0.149479,0.000316,2E-06,0.082337,0.005293
tonto06,2,2.896414,0.230605,0.011986,0.667927,0.034716,2865.284281,11.960856,4.428513,0.000506,0.000194,0.082165,0.005415
tonto06,3,2.897516,0.220419,0.001927,0.638669,0.005584,3996.254181,0.585461,0.712319,0.00033,2.4E-05,0.0819,0.005653
tonto06,4,2.899167,0.219667,0.000882,0.636852,0.002556,3933.645485,0.221656,0.32604,0.000313,7E-06,0.081758,0.00534
tonto06,5,2.885373,0.232276,0.00047,0.670204,0.001358,4152.508361,0.359255,0.173172,0.000317,3E-06,0.083038,0.005351
tonto06,6,2.900698,0.22497,0.000459,0.652569,0.001331,4102.742475,0.272459,0.169767,0.000316,3E-06,0.081732,0.005564
tonto06,7,2.897676,0.225714,0.000395,0.654046,0.001145,4299.665552,0.170902,0.146001,0.000304,3E-06,0.081809,0.005649
tonto06,8,2.897988,0.218118,0.000429,0.632104,0.001245,4484.013378,0.284871,0.158776,0.000299,3E-06,0.081759,0.005612
tonto06,9,2.895536,0.218638,0.000357,0.633074,0.001034,4286.287625,0.186594,0.131938,0.000301,1E-06,0.082151,0.005598
twolf00,1,1.240094,7.44576,1.036888,9.233441,1.285839,796.521739,182.024061,164.031904,0.137805,0.078248,0.352391,0.000133
twolf00,10,1.390749,8.273381,0.000236,11.506201,0.000328,1111.438127,0.001519,0.041855,0.084677,1E-05,0.292893,1E-06
twolf00,11,1.403536,7.868725,4.7E-05,11.044037,6.6E-05,1268.227425,0.010734,0.008365,0.076365,0,0.287221,1E-06
twolf00,2,1.362447,8.095746,0.285617,11.030024,0.389138,881.070234,27.324411,49.647025,0.099981,0.025542,0.305843,5.7E-05
twolf00,3,1.405505,7.452127,0.009342,10.474,0.013131,911.036789,0.012284,1.675395,0.07557,0.000985,0.287079,1E-06
twolf00,4,1.41322,7.255587,0.002079,10.253743,0.002938,970.9699,0.013895,0.374912,0.070545,0.000204,0.283732,1E-06
twolf00,5,1.410944,7.350175,4.6E-05,10.370686,6.5E-05,966.956522,0.006166,0.008243,0.071793,0,0.284855,1E-06
twolf00,6,1.394012,8.41348,3.9E-05,11.728493,5.4E-05,1425.819398,0.01523,0.006897,0.082084,0,0.291175,1E-06
twolf00,7,1.40525,7.781875,4.6E-05,10.935482,6.4E-05,1819.93311,0.006141,0.00816,0.075861,0,0.286618,1E-06
twolf00,8,1.40224,8.028997,2.8E-05,11.258583,3.9E-05,908.093645,0.001532,0.005017,0.07687,0,0.287594,1E-06
twolf00,9,1.387635,8.897015,3.1E-05,12.345808,4.3E-05,1314.51505,0.013644,0.005466,0.084995,0,0.292824,1E-06
vortex00,1,2.826045,1.208595,0.790237,3.415544,2.233246,3057.93722,316.340376,284.556273,0.146583,0.130739,0.192717,0.026118
vortex00,10,3.227263,1.200065,0.155229,3.872927,0.500964,23838.923767,68.154131,63.838479,0.037934,0.018031,0.08166,0.016756
vortex00,11,3.240297,1.202785,0.142591,3.897381,0.462037,24601.973094,61.906268,58.877324,0.034764,0.016435,0.07881,0.016173
vortex00,2,3.011629,1.207894,0.554847,3.637727,1.670994,5340.269058,223.864186,212.935615,0.0971,0.08068,0.142112,0.024635
vortex00,3,3.073431,1.207,0.435231,3.70963,1.337653,9983.856502,194.212635,170.462531,0.076193,0.05774,0.121777,0.02352
vortex00,4,3.11995,1.20414,0.356044,3.756858,1.110839,10345.829596,135.926901,141.558059,0.062692,0.045069,0.107671,0.022011
vortex00,5,3.156919,1.204517,0.302696,3.802563,0.955585,14032.286996,122.397368,121.772187,0.055873,0.037974,0.101413,0.021
vortex00,6,3.186403,1.202884,0.259427,3.832873,0.826638,15377.578475,103.388495,105.339313,0.049776,0.032176,0.09415,0.019415
vortex00,7,3.187598,1.201351,0.225793,3.829423,0.719738,17458.295964,91.213416,91.720382,0.047765,0.027631,0.091944,0.018937
vortex00,8,3.206122,1.201865,0.199176,3.853327,0.638583,19859.372197,93.261833,81.377207,0.04226,0.023996,0.085914,0.01763
vortex00,9,3.211139,1.199524,0.174371,3.851837,0.559928,21761.434978,75.14918,71.354895,0.039631,0.020709,0.08436,0.017201
vpr00,1,0.888233,11.475401,6.752916,10.192834,5.998165,2241.714286,740.916068,764.744978,0.230881,0.200446,0.384487,0.011704
vpr00,10,1.092135,11.235264,0.615986,12.270425,0.672739,23885.142857,83.767276,85.793808,0.075792,0.02386,0.26416,0.012629
vpr00,11,1.097084,11.233105,0.503262,12.32366,0.552121,24677.714286,67.373784,70.410881,0.071923,0.019458,0.261206,0.012641
vpr00,2,0.950421,11.418337,4.480778,10.852223,4.258624,4527.428571,624.684494,543.01691,0.184429,0.147744,0.348867,0.011739
vpr00,3,0.979107,11.30733,3.197739,11.07108,3.130927,7789.714286,434.880824,399.269098,0.148316,0.108585,0.32258,0.011619
vpr00,4,1.018898,11.31575,2.395265,11.529591,2.440529,9897.142857,282.428725,311.235515,0.132213,0.087673,0.308398,0.012045
vpr00,5,1.03943,11.27406,1.872203,11.718594,1.946023,11902.857143,274.390549,248.176045,0.116875,0.070225,0.296467,0.012131
vpr00,6,1.053529,11.275727,1.487571,11.879308,1.5672,14561.714286,179.067839,199.863461,0.104994,0.056759,0.287189,0.012251
vpr00,7,1.067679,11.236105,1.189157,11.996551,1.269638,16975.428571,149.912989,161.921783,0.095049,0.045667,0.279346,0.012388
vpr00,8,1.078153,11.241279,0.941013,12.119814,1.014556,19325.714286,119.980293,129.385063,0.086827,0.036297,0.272894,0.012446
vpr00,9,1.079144,11.222546,0.768819,12.11074,0.829666,21685.714286,103.4334,105.80592,0.080779,0.029819,0.269563,0.012467
wrf06,1,3.479875,0.345614,0.247638,1.202693,0.861749,2681.204013,118.550505,109.234645,0.001836,0.001727,0.094183,0.001688
wrf06,10,3.482027,0.346583,0.129739,1.206813,0.451756,19796.120401,78.229036,57.285929,0.001196,0.001061,0.093419,0.001699
wrf06,11,3.484205,0.345677,0.126214,1.204408,0.439757,20207.090301,86.307951,55.763663,0.001183,0.001048,0.093278,0.00169
wrf06,2,3.480275,0.345329,0.205357,1.20184,0.714697,4871.705686,118.943868,90.627719,0.001711,0.0016,0.094079,0.001703
wrf06,3,3.481362,0.346228,0.189513,1.205344,0.659763,9256.187291,109.60798,83.662226,0.001625,0.001512,0.093692,0.001711
wrf06,4,3.484516,0.345721,0.178502,1.204671,0.621992,11415.919732,108.410005,78.872824,0.001546,0.001431,0.093114,0.001712
wrf06,5,3.481311,0.346148,0.166636,1.205047,0.580113,12999.331104,101.227602,73.562584,0.001476,0.001358,0.093648,0.001721
wrf06,6,3.481393,0.346515,0.156762,1.206355,0.545749,15138.729097,93.901335,69.205253,0.001413,0.001291,0.093754,0.001704
wrf06,7,3.48209,0.345326,0.147491,1.202457,0.513578,15973.244147,85.039989,65.125964,0.001354,0.001229,0.093665,0.001697
wrf06,8,3.485004,0.34483,0.140607,1.201733,0.490016,16576.053512,89.064276,62.137535,0.001269,0.001142,0.093376,0.001686
wrf06,9,3.48225,0.345245,0.135669,1.202228,0.472433,19353.043478,88.264663,59.908098,0.001282,0.001151,0.093517,0.001686
wupwise00,1,3.556862,4.467982,4.337219,15.891993,15.426889,2538.595318,1956.650478,1964.42071,0.076298,0.065063,0.10285,0.004376
wupwise00,10,3.638922,4.496928,3.499426,16.36397,12.734141,25195.451505,1586.556862,1621.914561,0.059085,0.047711,0.082813,0.004617
wupwise00,11,3.644415,4.49833,3.421297,16.393781,12.468628,26992.909699,1571.205282,1588.079324,0.058515,0.047142,0.081627,0.004531
wupwise00,2,3.567111,4.496906,4.219466,16.040962,15.051304,5165.752508,1896.55851,1916.797354,0.073953,0.062924,0.10094,0.00461
wupwise00,3,3.575622,4.496912,4.083237,16.079255,14.600111,7732.173913,1868.756016,1859.590508,0.070673,0.059564,0.097521,0.004604
wupwise00,4,3.592842,4.501308,3.972359,16.172485,14.272056,10199.331104,1798.003983,1817.826132,0.067288,0.05612,0.093597,0.004597
wupwise00,5,3.602296,4.49628,3.884557,16.196932,13.993324,12672.64214,1739.580903,1782.33442,0.065067,0.053945,0.090985,0.004609
wupwise00,6,3.609237,4.501405,3.797907,16.246639,13.707549,15219.264214,1685.340864,1745.970941,0.063982,0.052734,0.089457,0.004636
wupwise00,7,3.617828,4.48742,3.699889,16.234712,13.385559,17857.926421,1723.661719,1704.724314,0.061606,0.05007,0.086388,0.004399
wupwise00,8,3.632206,4.491104,3.635134,16.312617,13.203555,20243.745819,1717.349259,1681.721504,0.060891,0.049502,0.084031,0.004149
wupwise00,9,3.638404,4.496629,3.566786,16.360555,12.97741,22691.103679,1645.553092,1652.875425,0.059605,0.048224,0.082918,0.004383
xalancbmk06,1,0.70708,46.623858,34.924671,32.966787,24.694529,2318.662207,2444.444779,3144.327124,0.604112,0.535793,0.666418,0.000299
xalancbmk06,10,1.357674,46.223082,1.286876,62.755897,1.747158,22755.585284,109.62821,222.346822,0.282305,0.038273,0.383116,0.000309
xalancbmk06,11,1.366049,46.247001,0.965645,63.175676,1.319119,24654.180602,126.710115,167.869702,0.277725,0.029837,0.379197,0.000309
xalancbmk06,2,0.840639,46.356729,24.408576,38.969258,20.518792,4735.518395,2534.438019,2612.380845,0.540171,0.446084,0.609979,0.000283
xalancbmk06,3,0.962104,46.261118,17.259161,44.508019,16.605112,7968.160535,1997.476859,2113.88009,0.479982,0.355663,0.557014,0.000293
xalancbmk06,4,1.065337,46.257774,12.358718,49.280122,13.166201,9841.605351,1385.417703,1675.953562,0.428531,0.275828,0.511972,0.00029
xalancbmk06,5,1.154816,46.249849,8.753692,53.410051,10.108901,12296.722408,1249.632769,1286.690362,0.384448,0.206693,0.47282,0.000308
xalancbmk06,6,1.221094,46.235677,5.987118,56.458104,7.310834,14880.267559,746.684025,930.53626,0.35024,0.152295,0.443163,0.000299
xalancbmk06,7,1.27509,46.264943,4.059947,58.991975,5.176799,16861.003344,533.389722,658.861281,0.322964,0.107365,0.419024,0.000292
xalancbmk06,8,1.311743,46.245167,2.871793,60.661757,3.767053,19248.963211,353.072577,479.412314,0.305299,0.077984,0.403393,0.00033
xalancbmk06,9,1.338904,46.261127,1.906277,61.939189,2.552322,21491.638796,310.045612,324.820303,0.291586,0.054439,0.391225,0.000322
zeusmp06,1,2.445126,5.760841,5.23792,14.085981,12.807373,2520.401338,1367.918919,1629.620036,0.159214,0.151495,0.222642,0.026488
zeusmp06,10,2.52325,5.744226,4.460087,14.494116,11.253912,25058.996656,1640.225879,1432.188126,0.142035,0.133414,0.203259,0.027813
zeusmp06,11,2.532976,5.751888,4.423312,14.569393,11.204141,27046.421405,1740.144865,1425.799582,0.139812,0.131094,0.200873,0.028075
zeusmp06,2,2.470181,5.746075,5.036413,14.193845,12.440853,5140.06689,1450.947671,1583.147414,0.155983,0.148098,0.217697,0.026958
zeusmp06,3,2.477685,5.752378,4.902137,14.252579,12.14595,7643.344482,1401.07606,1545.676533,0.154549,0.146505,0.215975,0.027082
zeusmp06,4,2.481727,5.759408,4.804253,14.293279,11.922844,10208.160535,1834.17014,1517.321035,0.153969,0.1458,0.215414,0.027166
zeusmp06,5,2.484745,5.755488,4.723839,14.300921,11.737536,12780.735786,1779.635883,1493.741239,0.151771,0.143468,0.213484,0.027322
zeusmp06,6,2.504085,5.749758,4.656962,14.397882,11.661427,15252.976589,1802.043807,1484.062209,0.147923,0.139528,0.20905,0.027513
zeusmp06,7,2.508447,5.759404,4.602211,14.447159,11.544401,17706.488294,1050.211382,1469.173383,0.146818,0.13833,0.207823,0.027585
zeusmp06,8,2.509532,5.744206,4.549785,14.41527,11.417832,20395.451505,1340.610146,1453.079418,0.144023,0.135485,0.205214,0.02791
zeusmp06,9,2.513259,5.749198,4.512164,14.44922,11.340234,22628.227425,1338.339916,1443.204206,0.145212,0.136618,0.206787,0.027778
